,lambda_u,lambda_i,lambda_p,lambda_t,n_factors,MAE
0,0.001,0.001,1.0,1.0,1,0.708413238473
1,0.001,0.001,1.0,10.0,1,0.704396404288
2,0.001,0.001,1.0,100.0,1,0.695780909013
3,0.001,0.001,10.0,1.0,1,0.70326065343
4,0.001,0.001,10.0,10.0,1,0.70042666958
5,0.001,0.001,10.0,100.0,1,0.695460944083
6,0.001,0.001,100.0,1.0,1,0.696331530008
7,0.001,0.001,100.0,10.0,1,0.696598992446
8,0.001,0.001,100.0,100.0,1,0.697092198562
9,0.001,0.01,1.0,1.0,1,0.697996507631
10,0.001,0.01,1.0,10.0,1,0.703780406945
11,0.001,0.01,1.0,100.0,1,0.700032540906
12,0.001,0.01,10.0,1.0,1,0.705909209592
13,0.001,0.01,10.0,10.0,1,0.704889151717
14,0.001,0.01,10.0,100.0,1,0.69980249477
15,0.001,0.01,100.0,1.0,1,0.700616196988
16,0.001,0.01,100.0,10.0,1,0.701458711211
17,0.001,0.01,100.0,100.0,1,0.701678161831
18,0.001,0.1,1.0,1.0,1,0.7013035363
19,0.001,0.1,1.0,10.0,1,0.701496894747
20,0.001,0.1,1.0,100.0,1,0.701061561788
21,0.001,0.1,10.0,1.0,1,0.706968175444
22,0.001,0.1,10.0,10.0,1,0.705463852932
23,0.001,0.1,10.0,100.0,1,0.701940981456
24,0.001,0.1,100.0,1.0,1,0.702217687824
25,0.001,0.1,100.0,10.0,1,0.702693265922
26,0.001,0.1,100.0,100.0,1,0.701660226652
27,0.001,1.0,1.0,1.0,1,0.699945127397
28,0.001,1.0,1.0,10.0,1,0.699196962479
29,0.001,1.0,1.0,100.0,1,0.697900236525
30,0.001,1.0,10.0,1.0,1,0.699749378472
31,0.001,1.0,10.0,10.0,1,0.699374406507
32,0.001,1.0,10.0,100.0,1,0.694811660306
33,0.001,1.0,100.0,1.0,1,0.6939667012
34,0.001,1.0,100.0,10.0,1,0.6940248507
35,0.001,1.0,100.0,100.0,1,0.694475978445
36,0.01,0.001,1.0,1.0,1,0.695794060937
37,0.01,0.001,1.0,10.0,1,0.69667956753
38,0.01,0.001,1.0,100.0,1,0.69726179013
39,0.01,0.001,10.0,1.0,1,0.703719700533
40,0.01,0.001,10.0,10.0,1,0.702774201821
41,0.01,0.001,10.0,100.0,1,0.699657141858
42,0.01,0.001,100.0,1.0,1,0.699467647727
43,0.01,0.001,100.0,10.0,1,0.700806996751
44,0.01,0.001,100.0,100.0,1,0.702143015853
45,0.01,0.01,1.0,1.0,1,0.701175184052
46,0.01,0.01,1.0,10.0,1,0.701309780698
47,0.01,0.01,1.0,100.0,1,0.702269157159
48,0.01,0.01,10.0,1.0,1,0.707019802682
49,0.01,0.01,10.0,10.0,1,0.707074391742
50,0.01,0.01,10.0,100.0,1,0.702663241638
51,0.01,0.01,100.0,1.0,1,0.703400016455
52,0.01,0.01,100.0,10.0,1,0.704178607142
53,0.01,0.01,100.0,100.0,1,0.703688650708
54,0.01,0.1,1.0,1.0,1,0.703454378995
55,0.01,0.1,1.0,10.0,1,0.703318186029
56,0.01,0.1,1.0,100.0,1,0.703907966931
57,0.01,0.1,10.0,1.0,1,0.707578450396
58,0.01,0.1,10.0,10.0,1,0.707101822231
59,0.01,0.1,10.0,100.0,1,0.702893271379
60,0.01,0.1,100.0,1.0,1,0.70343427962
61,0.01,0.1,100.0,10.0,1,0.703551344656
62,0.01,0.1,100.0,100.0,1,0.703650308442
63,0.01,1.0,1.0,1.0,1,0.701685083409
64,0.01,1.0,1.0,10.0,1,0.699648280068
65,0.01,1.0,1.0,100.0,1,0.699150646944
66,0.01,1.0,10.0,1.0,1,0.699612483472
67,0.01,1.0,10.0,10.0,1,0.699397375069
68,0.01,1.0,10.0,100.0,1,0.695706572084
69,0.01,1.0,100.0,1.0,1,0.695006169137
70,0.01,1.0,100.0,10.0,1,0.694746986183
71,0.01,1.0,100.0,100.0,1,0.694453319673
72,0.1,0.001,1.0,1.0,1,0.696479435679
73,0.1,0.001,1.0,10.0,1,0.69620992398
74,0.1,0.001,1.0,100.0,1,0.696926627004
75,0.1,0.001,10.0,1.0,1,0.703783551319
76,0.1,0.001,10.0,10.0,1,0.703311987453
77,0.1,0.001,10.0,100.0,1,0.699611379484
78,0.1,0.001,100.0,1.0,1,0.700194953582
79,0.1,0.001,100.0,10.0,1,0.700872719492
80,0.1,0.001,100.0,100.0,1,0.701353552207
81,0.1,0.01,1.0,1.0,1,0.702404051268
82,0.1,0.01,1.0,10.0,1,0.701932497863
83,0.1,0.01,1.0,100.0,1,0.70230235217
84,0.1,0.01,10.0,1.0,1,0.707794378202
85,0.1,0.01,10.0,10.0,1,0.70728533547
86,0.1,0.01,10.0,100.0,1,0.702934301979
87,0.1,0.01,100.0,1.0,1,0.703037060473
88,0.1,0.01,100.0,10.0,1,0.702925100694
89,0.1,0.01,100.0,100.0,1,0.704036754776
90,0.1,0.1,1.0,1.0,1,0.703155048213
91,0.1,0.1,1.0,10.0,1,0.703548670174
92,0.1,0.1,1.0,100.0,1,0.704037509524
93,0.1,0.1,10.0,1.0,1,0.709137346667
94,0.1,0.1,10.0,10.0,1,0.707884031542
95,0.1,0.1,10.0,100.0,1,0.703762791781
96,0.1,0.1,100.0,1.0,1,0.703687407019
97,0.1,0.1,100.0,10.0,1,0.703533064406
98,0.1,0.1,100.0,100.0,1,0.703167442155
99,0.1,1.0,1.0,1.0,1,0.701339427468
100,0.1,1.0,1.0,10.0,1,0.699982744692
101,0.1,1.0,1.0,100.0,1,0.698300071234
102,0.1,1.0,10.0,1.0,1,0.700348617669
103,0.1,1.0,10.0,10.0,1,0.698940081525
104,0.1,1.0,10.0,100.0,1,0.695245312633
105,0.1,1.0,100.0,1.0,1,0.695250591661
106,0.1,1.0,100.0,10.0,1,0.694879034342
107,0.1,1.0,100.0,100.0,1,0.694150838193
108,1.0,0.001,1.0,1.0,1,0.695260966679
109,1.0,0.001,1.0,10.0,1,0.704615831305
110,1.0,0.001,1.0,100.0,1,0.700084080212
111,1.0,0.001,10.0,1.0,1,0.706374061594
112,1.0,0.001,10.0,10.0,1,0.705002075748
113,1.0,0.001,10.0,100.0,1,0.700212114537
114,1.0,0.001,100.0,1.0,1,0.70127477454
115,1.0,0.001,100.0,10.0,1,0.701843394607
116,1.0,0.001,100.0,100.0,1,0.702203826929
117,1.0,0.01,1.0,1.0,1,0.701737939011
118,1.0,0.01,1.0,10.0,1,0.70285410556
119,1.0,0.01,1.0,100.0,1,0.702660935511
120,1.0,0.01,10.0,1.0,1,0.708078553439
121,1.0,0.01,10.0,10.0,1,0.707367550836
122,1.0,0.01,10.0,100.0,1,0.703605286797
123,1.0,0.01,100.0,1.0,1,0.703157658874
124,1.0,0.01,100.0,10.0,1,0.703263221719
125,1.0,0.01,100.0,100.0,1,0.703532242809
126,1.0,0.1,1.0,1.0,1,0.703645436969
127,1.0,0.1,1.0,10.0,1,0.703758799332
128,1.0,0.1,1.0,100.0,1,0.704108865892
129,1.0,0.1,10.0,1.0,1,0.708712128731
130,1.0,0.1,10.0,10.0,1,0.706989811188
131,1.0,0.1,10.0,100.0,1,0.703846405749
132,1.0,0.1,100.0,1.0,1,0.703077932205
133,1.0,0.1,100.0,10.0,1,0.703594637361
134,1.0,0.1,100.0,100.0,1,0.703617993245
135,1.0,1.0,1.0,1.0,1,0.701127121688
136,1.0,1.0,1.0,10.0,1,0.699874059006
137,1.0,1.0,1.0,100.0,1,0.698795391414
138,1.0,1.0,10.0,1.0,1,0.701212371653
139,1.0,1.0,10.0,10.0,1,0.699453490571
140,1.0,1.0,10.0,100.0,1,0.694976433103
141,1.0,1.0,100.0,1.0,1,0.694702347334
142,1.0,1.0,100.0,10.0,1,0.694245201308
143,1.0,1.0,100.0,100.0,1,0.695402605925
144,0.001,0.001,1.0,1.0,2,0.696775560014
145,0.001,0.001,1.0,10.0,2,0.71483664252
146,0.001,0.001,1.0,100.0,2,0.702297566616
147,0.001,0.001,10.0,1.0,2,0.714456645007
148,0.001,0.001,10.0,10.0,2,0.708838579651
149,0.001,0.001,10.0,100.0,2,0.702010327593
150,0.001,0.001,100.0,1.0,2,0.701981513415
151,0.001,0.001,100.0,10.0,2,0.701656698883
152,0.001,0.001,100.0,100.0,2,0.702508420475
153,0.001,0.01,1.0,1.0,2,0.702233733845
154,0.001,0.01,1.0,10.0,2,0.702819180989
155,0.001,0.01,1.0,100.0,2,0.703253342458
156,0.001,0.01,10.0,1.0,2,0.708182559251
157,0.001,0.01,10.0,10.0,2,0.705903304911
158,0.001,0.01,10.0,100.0,2,0.702742299346
159,0.001,0.01,100.0,1.0,2,0.704440244875
160,0.001,0.01,100.0,10.0,2,0.704010935927
161,0.001,0.01,100.0,100.0,2,0.705759365918
162,0.001,0.1,1.0,1.0,2,0.704151561203
163,0.001,0.1,1.0,10.0,2,0.704291287788
164,0.001,0.1,1.0,100.0,2,0.70404273539
165,0.001,0.1,10.0,1.0,2,0.708279405011
166,0.001,0.1,10.0,10.0,2,0.704450456393
167,0.001,0.1,10.0,100.0,2,0.703227020473
168,0.001,0.1,100.0,1.0,2,0.703659312953
169,0.001,0.1,100.0,10.0,2,0.703396648807
170,0.001,0.1,100.0,100.0,2,0.703574156098
171,0.001,1.0,1.0,1.0,2,0.701975792221
172,0.001,1.0,1.0,10.0,2,0.700590006251
173,0.001,1.0,1.0,100.0,2,0.698693865378
174,0.001,1.0,10.0,1.0,2,0.697100729392
175,0.001,1.0,10.0,10.0,2,0.695932588041
176,0.001,1.0,10.0,100.0,2,0.69422362631
177,0.001,1.0,100.0,1.0,2,0.695204992022
178,0.001,1.0,100.0,10.0,2,0.694413470002
179,0.001,1.0,100.0,100.0,2,0.694680142636
180,0.01,0.001,1.0,1.0,2,0.695408361135
181,0.01,0.001,1.0,10.0,2,0.696454752506
182,0.01,0.001,1.0,100.0,2,0.697496150168
183,0.01,0.001,10.0,1.0,2,0.705777091312
184,0.01,0.001,10.0,10.0,2,0.702911151975
185,0.01,0.001,10.0,100.0,2,0.700449770933
186,0.01,0.001,100.0,1.0,2,0.701882470223
187,0.01,0.001,100.0,10.0,2,0.701540439809
188,0.01,0.001,100.0,100.0,2,0.703045344094
189,0.01,0.01,1.0,1.0,2,0.702710226231
190,0.01,0.01,1.0,10.0,2,0.703246063813
191,0.01,0.01,1.0,100.0,2,0.703268833007
192,0.01,0.01,10.0,1.0,2,0.708593832221
193,0.01,0.01,10.0,10.0,2,0.705254272374
194,0.01,0.01,10.0,100.0,2,0.703816733831
195,0.01,0.01,100.0,1.0,2,0.703818326701
196,0.01,0.01,100.0,10.0,2,0.704474910721
197,0.01,0.01,100.0,100.0,2,0.704318115299
198,0.01,0.1,1.0,1.0,2,0.704764774074
199,0.01,0.1,1.0,10.0,2,0.710104539193
200,0.01,0.1,1.0,100.0,2,0.702100200837
201,0.01,0.1,10.0,1.0,2,0.707938043953
202,0.01,0.1,10.0,10.0,2,0.704926683487
203,0.01,0.1,10.0,100.0,2,0.702876633844
204,0.01,0.1,100.0,1.0,2,0.703716525236
205,0.01,0.1,100.0,10.0,2,0.703677242461
206,0.01,0.1,100.0,100.0,2,0.703804682357
207,0.01,1.0,1.0,1.0,2,0.702465139844
208,0.01,1.0,1.0,10.0,2,0.700515215864
209,0.01,1.0,1.0,100.0,2,0.69895015562
210,0.01,1.0,10.0,1.0,2,0.697646897464
211,0.01,1.0,10.0,10.0,2,0.696292515337
212,0.01,1.0,10.0,100.0,2,0.693924499109
213,0.01,1.0,100.0,1.0,2,0.694227606238
214,0.01,1.0,100.0,10.0,2,0.695020506168
215,0.01,1.0,100.0,100.0,2,0.694742971848
216,0.1,0.001,1.0,1.0,2,0.695444118941
217,0.1,0.001,1.0,10.0,2,0.696234582668
218,0.1,0.001,1.0,100.0,2,0.697211043195
219,0.1,0.001,10.0,1.0,2,0.70726515482
220,0.1,0.001,10.0,10.0,2,0.702812951726
221,0.1,0.001,10.0,100.0,2,0.70026832697
222,0.1,0.001,100.0,1.0,2,0.701460027623
223,0.1,0.001,100.0,10.0,2,0.701923584044
224,0.1,0.001,100.0,100.0,2,0.702849067482
225,0.1,0.01,1.0,1.0,2,0.703692771656
226,0.1,0.01,1.0,10.0,2,0.703052093712
227,0.1,0.01,1.0,100.0,2,0.703471575879
228,0.1,0.01,10.0,1.0,2,0.707735465767
229,0.1,0.01,10.0,10.0,2,0.705521097312
230,0.1,0.01,10.0,100.0,2,0.703462536106
231,0.1,0.01,100.0,1.0,2,0.704342148171
232,0.1,0.01,100.0,10.0,2,0.705337266735
233,0.1,0.01,100.0,100.0,2,0.705008776602
234,0.1,0.1,1.0,1.0,2,0.704420147862
235,0.1,0.1,1.0,10.0,2,0.704149934881
236,0.1,0.1,1.0,100.0,2,0.704508396496
237,0.1,0.1,10.0,1.0,2,0.70812126976
238,0.1,0.1,10.0,10.0,2,0.705400089508
239,0.1,0.1,10.0,100.0,2,0.703155874031
240,0.1,0.1,100.0,1.0,2,0.703554337533
241,0.1,0.1,100.0,10.0,2,0.703787072256
242,0.1,0.1,100.0,100.0,2,0.703837396315
243,0.1,1.0,1.0,1.0,2,0.701741804071
244,0.1,1.0,1.0,10.0,2,0.70049690378
245,0.1,1.0,1.0,100.0,2,0.699390968554
246,0.1,1.0,10.0,1.0,2,0.697979341181
247,0.1,1.0,10.0,10.0,2,0.695806599101
248,0.1,1.0,10.0,100.0,2,0.693716856837
249,0.1,1.0,100.0,1.0,2,0.694074750042
250,0.1,1.0,100.0,10.0,2,0.694060287092
251,0.1,1.0,100.0,100.0,2,0.69399181869
252,1.0,0.001,1.0,1.0,2,0.695922836278
253,1.0,0.001,1.0,10.0,2,0.695743012547
254,1.0,0.001,1.0,100.0,2,0.696566274971
255,1.0,0.001,10.0,1.0,2,0.70166926661
256,1.0,0.001,10.0,10.0,2,0.700382432123
257,1.0,0.001,10.0,100.0,2,0.699267840561
258,1.0,0.001,100.0,1.0,2,0.700086202687
259,1.0,0.001,100.0,10.0,2,0.700001421161
260,1.0,0.001,100.0,100.0,2,0.700711058417
261,1.0,0.01,1.0,1.0,2,0.701759013562
262,1.0,0.01,1.0,10.0,2,0.701634968471
263,1.0,0.01,1.0,100.0,2,0.701304769616
264,1.0,0.01,10.0,1.0,2,0.708928861668
265,1.0,0.01,10.0,10.0,2,0.70474139806
266,1.0,0.01,10.0,100.0,2,0.702656586203
267,1.0,0.01,100.0,1.0,2,0.70373205559
268,1.0,0.01,100.0,10.0,2,0.702705468624
269,1.0,0.01,100.0,100.0,2,0.705029623689
270,1.0,0.1,1.0,1.0,2,0.704432056342
271,1.0,0.1,1.0,10.0,2,0.711020029717
272,1.0,0.1,1.0,100.0,2,0.701913964779
273,1.0,0.1,10.0,1.0,2,0.708062820925
274,1.0,0.1,10.0,10.0,2,0.70491849018
275,1.0,0.1,10.0,100.0,2,0.702190663204
276,1.0,0.1,100.0,1.0,2,0.703825170658
277,1.0,0.1,100.0,10.0,2,0.703356031177
278,1.0,0.1,100.0,100.0,2,0.703459652202
279,1.0,1.0,1.0,1.0,2,0.702130087882
280,1.0,1.0,1.0,10.0,2,0.700390439812
281,1.0,1.0,1.0,100.0,2,0.699495446871
282,1.0,1.0,10.0,1.0,2,0.697508341466
283,1.0,1.0,10.0,10.0,2,0.695489235159
284,1.0,1.0,10.0,100.0,2,0.69289801505
285,1.0,1.0,100.0,1.0,2,0.694071921388
286,1.0,1.0,100.0,10.0,2,0.693980745101
287,1.0,1.0,100.0,100.0,2,0.694330956727
288,0.001,0.001,1.0,1.0,4,0.747486598948
289,0.001,0.001,1.0,10.0,4,0.724834265843
290,0.001,0.001,1.0,100.0,4,0.699001767968
291,0.001,0.001,10.0,1.0,4,0.719319600794
292,0.001,0.001,10.0,10.0,4,0.705817344923
293,0.001,0.001,10.0,100.0,4,0.70160398295
294,0.001,0.001,100.0,1.0,4,0.702632849526
295,0.001,0.001,100.0,10.0,4,0.702658743463
296,0.001,0.001,100.0,100.0,4,0.703918942855
297,0.001,0.01,1.0,1.0,4,0.703082941073
298,0.001,0.01,1.0,10.0,4,0.703475165398
299,0.001,0.01,1.0,100.0,4,0.703847566275
300,0.001,0.01,10.0,1.0,4,0.716010161507
301,0.001,0.01,10.0,10.0,4,0.705957754123
302,0.001,0.01,10.0,100.0,4,0.70418401758
303,0.001,0.01,100.0,1.0,4,0.704985588907
304,0.001,0.01,100.0,10.0,4,0.704808324194
305,0.001,0.01,100.0,100.0,4,0.705078657621
306,0.001,0.1,1.0,1.0,4,0.704904763396
307,0.001,0.1,1.0,10.0,4,0.705396757272
308,0.001,0.1,1.0,100.0,4,0.704220027724
309,0.001,0.1,10.0,1.0,4,0.714471525768
310,0.001,0.1,10.0,10.0,4,0.704799338735
311,0.001,0.1,10.0,100.0,4,0.70281677511
312,0.001,0.1,100.0,1.0,4,0.703356465315
313,0.001,0.1,100.0,10.0,4,0.703847001398
314,0.001,0.1,100.0,100.0,4,0.704818247311
315,0.001,1.0,1.0,1.0,4,0.701108279657
316,0.001,1.0,1.0,10.0,4,0.699523607288
317,0.001,1.0,1.0,100.0,4,0.698757146798
318,0.001,1.0,10.0,1.0,4,0.705505287635
319,0.001,1.0,10.0,10.0,4,0.693933456949
320,0.001,1.0,10.0,100.0,4,0.692068294014
321,0.001,1.0,100.0,1.0,4,0.692679518447
322,0.001,1.0,100.0,10.0,4,0.693166444521
323,0.001,1.0,100.0,100.0,4,0.693363934348
324,0.01,0.001,1.0,1.0,4,0.694335258219
325,0.01,0.001,1.0,10.0,4,0.715402934039
326,0.01,0.001,1.0,100.0,4,0.696421287432
327,0.01,0.001,10.0,1.0,4,0.711607515445
328,0.01,0.001,10.0,10.0,4,0.702168852145
329,0.01,0.001,10.0,100.0,4,0.700725384892
330,0.01,0.001,100.0,1.0,4,0.702384208115
331,0.01,0.001,100.0,10.0,4,0.701658816188
332,0.01,0.001,100.0,100.0,4,0.702518420596
333,0.01,0.01,1.0,1.0,4,0.702752033242
334,0.01,0.01,1.0,10.0,4,0.702515724267
335,0.01,0.01,1.0,100.0,4,0.704011729189
336,0.01,0.01,10.0,1.0,4,0.714122161208
337,0.01,0.01,10.0,10.0,4,0.704819731946
338,0.01,0.01,10.0,100.0,4,0.703438482877
339,0.01,0.01,100.0,1.0,4,0.704353277636
340,0.01,0.01,100.0,10.0,4,0.705119062918
341,0.01,0.01,100.0,100.0,4,0.704410642568
342,0.01,0.1,1.0,1.0,4,0.705168741235
343,0.01,0.1,1.0,10.0,4,0.704899167505
344,0.01,0.1,1.0,100.0,4,0.704243355121
345,0.01,0.1,10.0,1.0,4,0.714179175775
346,0.01,0.1,10.0,10.0,4,0.703934936374
347,0.01,0.1,10.0,100.0,4,0.702220043371
348,0.01,0.1,100.0,1.0,4,0.703547565241
349,0.01,0.1,100.0,10.0,4,0.7030972734
350,0.01,0.1,100.0,100.0,4,0.703848017124
351,0.01,1.0,1.0,1.0,4,0.701815229551
352,0.01,1.0,1.0,10.0,4,0.699785366956
353,0.01,1.0,1.0,100.0,4,0.699114625624
354,0.01,1.0,10.0,1.0,4,0.705794144028
355,0.01,1.0,10.0,10.0,4,0.693389454669
356,0.01,1.0,10.0,100.0,4,0.691434101138
357,0.01,1.0,100.0,1.0,4,0.69301879091
358,0.01,1.0,100.0,10.0,4,0.692944681055
359,0.01,1.0,100.0,100.0,4,0.693526433897
360,0.1,0.001,1.0,1.0,4,0.694229579218
361,0.1,0.001,1.0,10.0,4,0.712614623282
362,0.1,0.001,1.0,100.0,4,0.696730113826
363,0.1,0.001,10.0,1.0,4,0.715254236378
364,0.1,0.001,10.0,10.0,4,0.702562991267
365,0.1,0.001,10.0,100.0,4,0.70140699775
366,0.1,0.001,100.0,1.0,4,0.701228354053
367,0.1,0.001,100.0,10.0,4,0.701858130458
368,0.1,0.001,100.0,100.0,4,0.702038347669
369,0.1,0.01,1.0,1.0,4,0.702676839708
370,0.1,0.01,1.0,10.0,4,0.70412900468
371,0.1,0.01,1.0,100.0,4,0.703058937226
372,0.1,0.01,10.0,1.0,4,0.71515306437
373,0.1,0.01,10.0,10.0,4,0.704473736913
374,0.1,0.01,10.0,100.0,4,0.703679218733
375,0.1,0.01,100.0,1.0,4,0.704724124423
376,0.1,0.01,100.0,10.0,4,0.705463938523
377,0.1,0.01,100.0,100.0,4,0.70599719941
378,0.1,0.1,1.0,1.0,4,0.704190145505
379,0.1,0.1,1.0,10.0,4,0.704582496654
380,0.1,0.1,1.0,100.0,4,0.70480195212
381,0.1,0.1,10.0,1.0,4,0.715606377952
382,0.1,0.1,10.0,10.0,4,0.704534816991
383,0.1,0.1,10.0,100.0,4,0.702280593851
384,0.1,0.1,100.0,1.0,4,0.703123372581
385,0.1,0.1,100.0,10.0,4,0.703691103895
386,0.1,0.1,100.0,100.0,4,0.704219071115
387,0.1,1.0,1.0,1.0,4,0.70213407283
388,0.1,1.0,1.0,10.0,4,0.700469236761
389,0.1,1.0,1.0,100.0,4,0.69849753287
390,0.1,1.0,10.0,1.0,4,0.703594808939
391,0.1,1.0,10.0,10.0,4,0.693993562718
392,0.1,1.0,10.0,100.0,4,0.692581952181
393,0.1,1.0,100.0,1.0,4,0.692449839258
394,0.1,1.0,100.0,10.0,4,0.692643447574
395,0.1,1.0,100.0,100.0,4,0.693503997854
396,1.0,0.001,1.0,1.0,4,0.69553040434
397,1.0,0.001,1.0,10.0,4,0.713711358458
398,1.0,0.001,1.0,100.0,4,0.696241471938
399,1.0,0.001,10.0,1.0,4,0.715439390468
400,1.0,0.001,10.0,10.0,4,0.703031728908
401,1.0,0.001,10.0,100.0,4,0.700670736352
402,1.0,0.001,100.0,1.0,4,0.701289743002
403,1.0,0.001,100.0,10.0,4,0.701352059498
404,1.0,0.001,100.0,100.0,4,0.702600730027
405,1.0,0.01,1.0,1.0,4,0.702634774026
406,1.0,0.01,1.0,10.0,4,0.702953159105
407,1.0,0.01,1.0,100.0,4,0.703393518392
408,1.0,0.01,10.0,1.0,4,0.714192505615
409,1.0,0.01,10.0,10.0,4,0.705724433121
410,1.0,0.01,10.0,100.0,4,0.702853023715
411,1.0,0.01,100.0,1.0,4,0.704106799267
412,1.0,0.01,100.0,10.0,4,0.703730243051
413,1.0,0.01,100.0,100.0,4,0.704709443846
414,1.0,0.1,1.0,1.0,4,0.704648822459
415,1.0,0.1,1.0,10.0,4,0.704403156748
416,1.0,0.1,1.0,100.0,4,0.704464074211
417,1.0,0.1,10.0,1.0,4,0.715139934266
418,1.0,0.1,10.0,10.0,4,0.704385778523
419,1.0,0.1,10.0,100.0,4,0.7020087208
420,1.0,0.1,100.0,1.0,4,0.703997521442
421,1.0,0.1,100.0,10.0,4,0.703145206526
422,1.0,0.1,100.0,100.0,4,0.703092571127
423,1.0,1.0,1.0,1.0,4,0.701819713421
424,1.0,1.0,1.0,10.0,4,0.700204216479
425,1.0,1.0,1.0,100.0,4,0.699079878182
426,1.0,1.0,10.0,1.0,4,0.705254954776
427,1.0,1.0,10.0,10.0,4,0.694269815483
428,1.0,1.0,10.0,100.0,4,0.691533346615
429,1.0,1.0,100.0,1.0,4,0.693601117299
430,1.0,1.0,100.0,10.0,4,0.693237103781
431,1.0,1.0,100.0,100.0,4,0.693320337385
432,0.001,0.001,1.0,1.0,8,0.779998684371
433,0.001,0.001,1.0,10.0,8,0.736587120356
434,0.001,0.001,1.0,100.0,8,0.695808818742
435,0.001,0.001,10.0,1.0,8,0.732796592107
436,0.001,0.001,10.0,10.0,8,0.702776962624
437,0.001,0.001,10.0,100.0,8,0.701729474606
438,0.001,0.001,100.0,1.0,8,0.70191240181
439,0.001,0.001,100.0,10.0,8,0.702491152116
440,0.001,0.001,100.0,100.0,8,0.703339939481
441,0.001,0.01,1.0,1.0,8,0.70403772936
442,0.001,0.01,1.0,10.0,8,0.703807322813
443,0.001,0.01,1.0,100.0,8,0.702789022566
444,0.001,0.01,10.0,1.0,8,0.727862625485
445,0.001,0.01,10.0,10.0,8,0.704325301274
446,0.001,0.01,10.0,100.0,8,0.704240991022
447,0.001,0.01,100.0,1.0,8,0.703833843099
448,0.001,0.01,100.0,10.0,8,0.705126516111
449,0.001,0.01,100.0,100.0,8,0.705075966313
450,0.001,0.1,1.0,1.0,8,0.704939663637
451,0.001,0.1,1.0,10.0,8,0.704246921562
452,0.001,0.1,1.0,100.0,8,0.705180219272
453,0.001,0.1,10.0,1.0,8,0.726170032905
454,0.001,0.1,10.0,10.0,8,0.70326184828
455,0.001,0.1,10.0,100.0,8,0.702957858089
456,0.001,0.1,100.0,1.0,8,0.703469881379
457,0.001,0.1,100.0,10.0,8,0.703190927528
458,0.001,0.1,100.0,100.0,8,0.703533901829
459,0.001,1.0,1.0,1.0,8,0.701969187744
460,0.001,1.0,1.0,10.0,8,0.699541636354
461,0.001,1.0,1.0,100.0,8,0.699242689615
462,0.001,1.0,10.0,1.0,8,0.716024192306
463,0.001,1.0,10.0,10.0,8,0.692381532478
464,0.001,1.0,10.0,100.0,8,0.692306522218
465,0.001,1.0,100.0,1.0,8,0.692632749124
466,0.001,1.0,100.0,10.0,8,0.692749702316
467,0.001,1.0,100.0,100.0,8,0.693322438983
468,0.01,0.001,1.0,1.0,8,0.693370898023
469,0.01,0.001,1.0,10.0,8,0.694789081286
470,0.01,0.001,1.0,100.0,8,0.695540909546
471,0.01,0.001,10.0,1.0,8,0.72819894783
472,0.01,0.001,10.0,10.0,8,0.70260825924
473,0.01,0.001,10.0,100.0,8,0.700217474523
474,0.01,0.001,100.0,1.0,8,0.701692595142
475,0.01,0.001,100.0,10.0,8,0.702489635064
476,0.01,0.001,100.0,100.0,8,0.702463143387
477,0.01,0.01,1.0,1.0,8,0.702591150121
478,0.01,0.01,1.0,10.0,8,0.702999073415
479,0.01,0.01,1.0,100.0,8,0.703096571737
480,0.01,0.01,10.0,1.0,8,0.727495121104
481,0.01,0.01,10.0,10.0,8,0.704185558445
482,0.01,0.01,10.0,100.0,8,0.703782871544
483,0.01,0.01,100.0,1.0,8,0.704197434791
484,0.01,0.01,100.0,10.0,8,0.706254323899
485,0.01,0.01,100.0,100.0,8,0.705116556602
486,0.01,0.1,1.0,1.0,8,0.705079507462
487,0.01,0.1,1.0,10.0,8,0.705133750031
488,0.01,0.1,1.0,100.0,8,0.704896851234
489,0.01,0.1,10.0,1.0,8,0.725372197629
490,0.01,0.1,10.0,10.0,8,0.702515694837
491,0.01,0.1,10.0,100.0,8,0.702749106431
492,0.01,0.1,100.0,1.0,8,0.70317507578
493,0.01,0.1,100.0,10.0,8,0.704602328621
494,0.01,0.1,100.0,100.0,8,0.704037744824
495,0.01,1.0,1.0,1.0,8,0.70150079734
496,0.01,1.0,1.0,10.0,8,0.700230525976
497,0.01,1.0,1.0,100.0,8,0.698664401929
498,0.01,1.0,10.0,1.0,8,0.71094464753
499,0.01,1.0,10.0,10.0,8,0.691200113971
500,0.01,1.0,10.0,100.0,8,0.691916963347
501,0.01,1.0,100.0,1.0,8,0.692207239829
502,0.01,1.0,100.0,10.0,8,0.693062684486
503,0.01,1.0,100.0,100.0,8,0.693297462774
504,0.1,0.001,1.0,1.0,8,0.694533101276
505,0.1,0.001,1.0,10.0,8,0.724899731315
506,0.1,0.001,1.0,100.0,8,0.69542744324
507,0.1,0.001,10.0,1.0,8,0.725236540932
508,0.1,0.001,10.0,10.0,8,0.70155957089
509,0.1,0.001,10.0,100.0,8,0.701260851212
510,0.1,0.001,100.0,1.0,8,0.702659373582
511,0.1,0.001,100.0,10.0,8,0.702308880845
512,0.1,0.001,100.0,100.0,8,0.703840181242
513,0.1,0.01,1.0,1.0,8,0.703110912793
514,0.1,0.01,1.0,10.0,8,0.7034759947
515,0.1,0.01,1.0,100.0,8,0.703672682342
516,0.1,0.01,10.0,1.0,8,0.723381749623
517,0.1,0.01,10.0,10.0,8,0.703905542257
518,0.1,0.01,10.0,100.0,8,0.704031124889
519,0.1,0.01,100.0,1.0,8,0.705116021575
520,0.1,0.01,100.0,10.0,8,0.705134816574
521,0.1,0.01,100.0,100.0,8,0.705318146001
522,0.1,0.1,1.0,1.0,8,0.704640666994
523,0.1,0.1,1.0,10.0,8,0.704620819231
524,0.1,0.1,1.0,100.0,8,0.704599380809
525,0.1,0.1,10.0,1.0,8,0.724293333868
526,0.1,0.1,10.0,10.0,8,0.702302998305
527,0.1,0.1,10.0,100.0,8,0.702579454266
528,0.1,0.1,100.0,1.0,8,0.703379741909
529,0.1,0.1,100.0,10.0,8,0.703139122867
530,0.1,0.1,100.0,100.0,8,0.70313418638
531,0.1,1.0,1.0,1.0,8,0.701153484385
532,0.1,1.0,1.0,10.0,8,0.699142099462
533,0.1,1.0,1.0,100.0,8,0.698338688059
534,0.1,1.0,10.0,1.0,8,0.715338989142
535,0.1,1.0,10.0,10.0,8,0.691043534041
536,0.1,1.0,10.0,100.0,8,0.691752001934
537,0.1,1.0,100.0,1.0,8,0.692644935714
538,0.1,1.0,100.0,10.0,8,0.692556210919
539,0.1,1.0,100.0,100.0,8,0.693134004644
540,1.0,0.001,1.0,1.0,8,0.694129377815
541,1.0,0.001,1.0,10.0,8,0.694620150145
542,1.0,0.001,1.0,100.0,8,0.695371648134
543,1.0,0.001,10.0,1.0,8,0.723270617456
544,1.0,0.001,10.0,10.0,8,0.700556732937
545,1.0,0.001,10.0,100.0,8,0.701323355946
546,1.0,0.001,100.0,1.0,8,0.701757716735
547,1.0,0.001,100.0,10.0,8,0.701624768109
548,1.0,0.001,100.0,100.0,8,0.702712268451
549,1.0,0.01,1.0,1.0,8,0.703148385058
550,1.0,0.01,1.0,10.0,8,0.702856707946
551,1.0,0.01,1.0,100.0,8,0.703024517909
552,1.0,0.01,10.0,1.0,8,0.727545968557
553,1.0,0.01,10.0,10.0,8,0.703943450717
554,1.0,0.01,10.0,100.0,8,0.703945940313
555,1.0,0.01,100.0,1.0,8,0.705327121686
556,1.0,0.01,100.0,10.0,8,0.705617009017
557,1.0,0.01,100.0,100.0,8,0.705849763145
558,1.0,0.1,1.0,1.0,8,0.705299041513
559,1.0,0.1,1.0,10.0,8,0.705126965012
560,1.0,0.1,1.0,100.0,8,0.705093542162
561,1.0,0.1,10.0,1.0,8,0.724432114608
562,1.0,0.1,10.0,10.0,8,0.702595910632
563,1.0,0.1,10.0,100.0,8,0.702885883703
564,1.0,0.1,100.0,1.0,8,0.703126754477
565,1.0,0.1,100.0,10.0,8,0.702669432297
566,1.0,0.1,100.0,100.0,8,0.703119046688
567,1.0,1.0,1.0,1.0,8,0.701462861577
568,1.0,1.0,1.0,10.0,8,0.700189622589
569,1.0,1.0,1.0,100.0,8,0.699444457841
570,1.0,1.0,10.0,1.0,8,0.712966579811
571,1.0,1.0,10.0,10.0,8,0.691852770561
572,1.0,1.0,10.0,100.0,8,0.692097141605
573,1.0,1.0,100.0,1.0,8,0.692602996794
574,1.0,1.0,100.0,10.0,8,0.693545737513
575,1.0,1.0,100.0,100.0,8,0.693666844554
576,0.001,0.001,1.0,1.0,16,0.814422884779
577,0.001,0.001,1.0,10.0,16,0.746862565471
578,0.001,0.001,1.0,100.0,16,0.695913771763
579,0.001,0.001,10.0,1.0,16,0.741901451434
580,0.001,0.001,10.0,10.0,16,0.699094812843
581,0.001,0.001,10.0,100.0,16,0.701033705203
582,0.001,0.001,100.0,1.0,16,0.701779801699
583,0.001,0.001,100.0,10.0,16,0.702803072965
584,0.001,0.001,100.0,100.0,16,0.703312035995
585,0.001,0.01,1.0,1.0,16,0.703384822599
586,0.001,0.01,1.0,10.0,16,0.702384973818
587,0.001,0.01,1.0,100.0,16,0.702152450114
588,0.001,0.01,10.0,1.0,16,0.73358843649
589,0.001,0.01,10.0,10.0,16,0.701902702877
590,0.001,0.01,10.0,100.0,16,0.704820860998
591,0.001,0.01,100.0,1.0,16,0.704747298323
592,0.001,0.01,100.0,10.0,16,0.704979651912
593,0.001,0.01,100.0,100.0,16,0.705677282933
594,0.001,0.1,1.0,1.0,16,0.70481531711
595,0.001,0.1,1.0,10.0,16,0.705388430007
596,0.001,0.1,1.0,100.0,16,0.705489097667
597,0.001,0.1,10.0,1.0,16,0.731730933825
598,0.001,0.1,10.0,10.0,16,0.700713881278
599,0.001,0.1,10.0,100.0,16,0.702647734114
600,0.001,0.1,100.0,1.0,16,0.702454028459
601,0.001,0.1,100.0,10.0,16,0.70289483795
602,0.001,0.1,100.0,100.0,16,0.703363517429
603,0.001,1.0,1.0,1.0,16,0.701325364527
604,0.001,1.0,1.0,10.0,16,0.699307638464
605,0.001,1.0,1.0,100.0,16,0.698802173642
606,0.001,1.0,10.0,1.0,16,0.721333925943
607,0.001,1.0,10.0,10.0,16,0.688822356404
608,0.001,1.0,10.0,100.0,16,0.691971315142
609,0.001,1.0,100.0,1.0,16,0.692968150485
610,0.001,1.0,100.0,10.0,16,0.692772440563
611,0.001,1.0,100.0,100.0,16,0.692730703639
612,0.01,0.001,1.0,1.0,16,0.693385474297
613,0.01,0.001,1.0,10.0,16,0.735133903604
614,0.01,0.001,1.0,100.0,16,0.695792439947
615,0.01,0.001,10.0,1.0,16,0.739161691397
616,0.01,0.001,10.0,10.0,16,0.701423990896
617,0.01,0.001,10.0,100.0,16,0.703897791725
618,0.01,0.001,100.0,1.0,16,0.703572692804
619,0.01,0.001,100.0,10.0,16,0.703349065454
620,0.01,0.001,100.0,100.0,16,0.704512145788
621,0.01,0.01,1.0,1.0,16,0.704014953389
622,0.01,0.01,1.0,10.0,16,0.704841745382
623,0.01,0.01,1.0,100.0,16,0.704073928019
624,0.01,0.01,10.0,1.0,16,0.733851076543
625,0.01,0.01,10.0,10.0,16,0.703537562719
626,0.01,0.01,10.0,100.0,16,0.704353912325
627,0.01,0.01,100.0,1.0,16,0.705016598841
628,0.01,0.01,100.0,10.0,16,0.70587037253
629,0.01,0.01,100.0,100.0,16,0.705277303469
630,0.01,0.1,1.0,1.0,16,0.705801451631
631,0.01,0.1,1.0,10.0,16,0.705189923761
632,0.01,0.1,1.0,100.0,16,0.705153247183
633,0.01,0.1,10.0,1.0,16,0.733000083517
634,0.01,0.1,10.0,10.0,16,0.701022648108
635,0.01,0.1,10.0,100.0,16,0.70257067772
636,0.01,0.1,100.0,1.0,16,0.703471486529
637,0.01,0.1,100.0,10.0,16,0.702830374042
638,0.01,0.1,100.0,100.0,16,0.70326951477
639,0.01,1.0,1.0,1.0,16,0.701749200327
640,0.01,1.0,1.0,10.0,16,0.700161520377
641,0.01,1.0,1.0,100.0,16,0.699300649093
642,0.01,1.0,10.0,1.0,16,0.722311306038
643,0.01,1.0,10.0,10.0,16,0.689806048496
644,0.01,1.0,10.0,100.0,16,0.691878758333
645,0.01,1.0,100.0,1.0,16,0.691253725229
646,0.01,1.0,100.0,10.0,16,0.692527265725
647,0.01,1.0,100.0,100.0,16,0.693465187966
648,0.1,0.001,1.0,1.0,16,0.694012979202
649,0.1,0.001,1.0,10.0,16,0.736366485179
650,0.1,0.001,1.0,100.0,16,0.695506395573
651,0.1,0.001,10.0,1.0,16,0.73929286247
652,0.1,0.001,10.0,10.0,16,0.701316540994
653,0.1,0.001,10.0,100.0,16,0.701776309464
654,0.1,0.001,100.0,1.0,16,0.703655876126
655,0.1,0.001,100.0,10.0,16,0.703210192597
656,0.1,0.001,100.0,100.0,16,0.70369083686
657,0.1,0.01,1.0,1.0,16,0.703576583894
658,0.1,0.01,1.0,10.0,16,0.703911645845
659,0.1,0.01,1.0,100.0,16,0.703242184355
660,0.1,0.01,10.0,1.0,16,0.734715668329
661,0.1,0.01,10.0,10.0,16,0.702782631816
662,0.1,0.01,10.0,100.0,16,0.704987835253
663,0.1,0.01,100.0,1.0,16,0.704767648702
664,0.1,0.01,100.0,10.0,16,0.705245956367
665,0.1,0.01,100.0,100.0,16,0.705456754461
666,0.1,0.1,1.0,1.0,16,0.705214448448
667,0.1,0.1,1.0,10.0,16,0.70532210744
668,0.1,0.1,1.0,100.0,16,0.704403733001
669,0.1,0.1,10.0,1.0,16,0.732956682
670,0.1,0.1,10.0,10.0,16,0.701301639035
671,0.1,0.1,10.0,100.0,16,0.702275317649
672,0.1,0.1,100.0,1.0,16,0.703153464414
673,0.1,0.1,100.0,10.0,16,0.702358805364
674,0.1,0.1,100.0,100.0,16,0.703427428083
675,0.1,1.0,1.0,1.0,16,0.701590878925
676,0.1,1.0,1.0,10.0,16,0.699894818309
677,0.1,1.0,1.0,100.0,16,0.699471102849
678,0.1,1.0,10.0,1.0,16,0.72333900921
679,0.1,1.0,10.0,10.0,16,0.68990043748
680,0.1,1.0,10.0,100.0,16,0.691322134023
681,0.1,1.0,100.0,1.0,16,0.69187021027
682,0.1,1.0,100.0,10.0,16,0.692392997313
683,0.1,1.0,100.0,100.0,16,0.693385077612
684,1.0,0.001,1.0,1.0,16,0.694461729595
685,1.0,0.001,1.0,10.0,16,0.73644741048
686,1.0,0.001,1.0,100.0,16,0.69498284104
687,1.0,0.001,10.0,1.0,16,0.739029072808
688,1.0,0.001,10.0,10.0,16,0.701563308792
689,1.0,0.001,10.0,100.0,16,0.702579171515
690,1.0,0.001,100.0,1.0,16,0.70364370466
691,1.0,0.001,100.0,10.0,16,0.702816181052
692,1.0,0.001,100.0,100.0,16,0.70359471536
693,1.0,0.01,1.0,1.0,16,0.704330997021
694,1.0,0.01,1.0,10.0,16,0.703530194401
695,1.0,0.01,1.0,100.0,16,0.704035027995
696,1.0,0.01,10.0,1.0,16,0.734637025571
697,1.0,0.01,10.0,10.0,16,0.703814091437
698,1.0,0.01,10.0,100.0,16,0.704972985504
699,1.0,0.01,100.0,1.0,16,0.705895694493
700,1.0,0.01,100.0,10.0,16,0.705570071623
701,1.0,0.01,100.0,100.0,16,0.705831780368
702,1.0,0.1,1.0,1.0,16,0.705139362184
703,1.0,0.1,1.0,10.0,16,0.705614591778
704,1.0,0.1,1.0,100.0,16,0.704570160764
705,1.0,0.1,10.0,1.0,16,0.732816343393
706,1.0,0.1,10.0,10.0,16,0.701443533469
707,1.0,0.1,10.0,100.0,16,0.703020232428
708,1.0,0.1,100.0,1.0,16,0.702781078834
709,1.0,0.1,100.0,10.0,16,0.703377696474
710,1.0,0.1,100.0,100.0,16,0.703590715896
711,1.0,1.0,1.0,1.0,16,0.701220034298
712,1.0,1.0,1.0,10.0,16,0.699661552347
713,1.0,1.0,1.0,100.0,16,0.698743473131
714,1.0,1.0,10.0,1.0,16,0.722354200641
715,1.0,1.0,10.0,10.0,16,0.689580645451
716,1.0,1.0,10.0,100.0,16,0.691788896502
717,1.0,1.0,100.0,1.0,16,0.691064554109
718,1.0,1.0,100.0,10.0,16,0.692754151139
719,1.0,1.0,100.0,100.0,16,0.693707754405
720,0.001,0.001,1.0,1.0,32,0.815463819746
721,0.001,0.001,1.0,10.0,32,0.74507620354
722,0.001,0.001,1.0,100.0,32,0.69629533897
723,0.001,0.001,10.0,1.0,32,0.740880123979
724,0.001,0.001,10.0,10.0,32,0.697343745438
725,0.001,0.001,10.0,100.0,32,0.702033727373
726,0.001,0.001,100.0,1.0,32,0.702028557051
727,0.001,0.001,100.0,10.0,32,0.701746088057
728,0.001,0.001,100.0,100.0,32,0.702120391446
729,0.001,0.01,1.0,1.0,32,0.702709492544
730,0.001,0.01,1.0,10.0,32,0.702606233012
731,0.001,0.01,1.0,100.0,32,0.703625417221
732,0.001,0.01,10.0,1.0,32,0.727662457443
733,0.001,0.01,10.0,10.0,32,0.69964845616
734,0.001,0.01,10.0,100.0,32,0.703954228887
735,0.001,0.01,100.0,1.0,32,0.704681911576
736,0.001,0.01,100.0,10.0,32,0.704649329553
737,0.001,0.01,100.0,100.0,32,0.705681620224
738,0.001,0.1,1.0,1.0,32,0.704740831756
739,0.001,0.1,1.0,10.0,32,0.70454122466
740,0.001,0.1,1.0,100.0,32,0.704833372956
741,0.001,0.1,10.0,1.0,32,0.726820217319
742,0.001,0.1,10.0,10.0,32,0.698830620336
743,0.001,0.1,10.0,100.0,32,0.702319738516
744,0.001,0.1,100.0,1.0,32,0.703721670938
745,0.001,0.1,100.0,10.0,32,0.703262779364
746,0.001,0.1,100.0,100.0,32,0.702926530561
747,0.001,1.0,1.0,1.0,32,0.70081784898
748,0.001,1.0,1.0,10.0,32,0.699613997996
749,0.001,1.0,1.0,100.0,32,0.698809392792
750,0.001,1.0,10.0,1.0,32,0.716343548101
751,0.001,1.0,10.0,10.0,32,0.687432337819
752,0.001,1.0,10.0,100.0,32,0.69183289603
753,0.001,1.0,100.0,1.0,32,0.6928283495
754,0.001,1.0,100.0,10.0,32,0.692593133162
755,0.001,1.0,100.0,100.0,32,0.692583985917
756,0.01,0.001,1.0,1.0,32,0.693670159695
757,0.01,0.001,1.0,10.0,32,0.729500975223
758,0.01,0.001,1.0,100.0,32,0.694060924449
759,0.01,0.001,10.0,1.0,32,0.737601160728
760,0.01,0.001,10.0,10.0,32,0.698612015188
761,0.01,0.001,10.0,100.0,32,0.701926051908
762,0.01,0.001,100.0,1.0,32,0.702915871161
763,0.01,0.001,100.0,10.0,32,0.703714859853
764,0.01,0.001,100.0,100.0,32,0.703617156968
765,0.01,0.01,1.0,1.0,32,0.703554566994
766,0.01,0.01,1.0,10.0,32,0.703868348099
767,0.01,0.01,1.0,100.0,32,0.704598850975
768,0.01,0.01,10.0,1.0,32,0.728187971301
769,0.01,0.01,10.0,10.0,32,0.700968828712
770,0.01,0.01,10.0,100.0,32,0.705179924988
771,0.01,0.01,100.0,1.0,32,0.706413701309
772,0.01,0.01,100.0,10.0,32,0.705627917279
773,0.01,0.01,100.0,100.0,32,0.705859148569
774,0.01,0.1,1.0,1.0,32,0.705458883273
775,0.01,0.1,1.0,10.0,32,0.704893126408
776,0.01,0.1,1.0,100.0,32,0.705218487623
777,0.01,0.1,10.0,1.0,32,0.72700867422
778,0.01,0.1,10.0,10.0,32,0.699496819943
779,0.01,0.1,10.0,100.0,32,0.702371490914
780,0.01,0.1,100.0,1.0,32,0.70344509958
781,0.01,0.1,100.0,10.0,32,0.703974296452
782,0.01,0.1,100.0,100.0,32,0.704045839148
783,0.01,1.0,1.0,1.0,32,0.701162298004
784,0.01,1.0,1.0,10.0,32,0.700008917381
785,0.01,1.0,1.0,100.0,32,0.698135427379
786,0.01,1.0,10.0,1.0,32,0.716566238953
787,0.01,1.0,10.0,10.0,32,0.68732678015
788,0.01,1.0,10.0,100.0,32,0.692763316734
789,0.01,1.0,100.0,1.0,32,0.692466323852
790,0.01,1.0,100.0,10.0,32,0.69306066615
791,0.01,1.0,100.0,100.0,32,0.693438447613
792,0.1,0.001,1.0,1.0,32,0.69361913366
793,0.1,0.001,1.0,10.0,32,0.72984625084
794,0.1,0.001,1.0,100.0,32,0.694736340711
795,0.1,0.001,10.0,1.0,32,0.737129825398
796,0.1,0.001,10.0,10.0,32,0.698917849521
797,0.1,0.001,10.0,100.0,32,0.702495465488
798,0.1,0.001,100.0,1.0,32,0.703371500292
799,0.1,0.001,100.0,10.0,32,0.704322703422
800,0.1,0.001,100.0,100.0,32,0.70393678877
801,0.1,0.01,1.0,1.0,32,0.704585766732
802,0.1,0.01,1.0,10.0,32,0.704055291852
803,0.1,0.01,1.0,100.0,32,0.704266237179
804,0.1,0.01,10.0,1.0,32,0.728134772712
805,0.1,0.01,10.0,10.0,32,0.700699181793
806,0.1,0.01,10.0,100.0,32,0.705077000951
807,0.1,0.01,100.0,1.0,32,0.705589207408
808,0.1,0.01,100.0,10.0,32,0.705802188628
809,0.1,0.01,100.0,100.0,32,0.705762728422
810,0.1,0.1,1.0,1.0,32,0.706030116169
811,0.1,0.1,1.0,10.0,32,0.705546660642
812,0.1,0.1,1.0,100.0,32,0.704616653626
813,0.1,0.1,10.0,1.0,32,0.727037084393
814,0.1,0.1,10.0,10.0,32,0.699349678895
815,0.1,0.1,10.0,100.0,32,0.70229778762
816,0.1,0.1,100.0,1.0,32,0.702672814411
817,0.1,0.1,100.0,10.0,32,0.702392365249
818,0.1,0.1,100.0,100.0,32,0.703574179913
819,0.1,1.0,1.0,1.0,32,0.701747067468
820,0.1,1.0,1.0,10.0,32,0.700340245438
821,0.1,1.0,1.0,100.0,32,0.699251860316
822,0.1,1.0,10.0,1.0,32,0.716306367089
823,0.1,1.0,10.0,10.0,32,0.687082998654
824,0.1,1.0,10.0,100.0,32,0.692251761119
825,0.1,1.0,100.0,1.0,32,0.691883777916
826,0.1,1.0,100.0,10.0,32,0.692774845621
827,0.1,1.0,100.0,100.0,32,0.692721512532
828,1.0,0.001,1.0,1.0,32,0.693520989525
829,1.0,0.001,1.0,10.0,32,0.729067922872
830,1.0,0.001,1.0,100.0,32,0.694957057074
831,1.0,0.001,10.0,1.0,32,0.736226489893
832,1.0,0.001,10.0,10.0,32,0.698952157647
833,1.0,0.001,10.0,100.0,32,0.703628955451
834,1.0,0.001,100.0,1.0,32,0.704436984067
835,1.0,0.001,100.0,10.0,32,0.70350440511
836,1.0,0.001,100.0,100.0,32,0.70453648742
837,1.0,0.01,1.0,1.0,32,0.704205011141
838,1.0,0.01,1.0,10.0,32,0.704407986708
839,1.0,0.01,1.0,100.0,32,0.704498696136
840,1.0,0.01,10.0,1.0,32,0.728263030171
841,1.0,0.01,10.0,10.0,32,0.701165779664
842,1.0,0.01,10.0,100.0,32,0.704060439357
843,1.0,0.01,100.0,1.0,32,0.704498664064
844,1.0,0.01,100.0,10.0,32,0.705873564444
845,1.0,0.01,100.0,100.0,32,0.705659560881
846,1.0,0.1,1.0,1.0,32,0.705610405827
847,1.0,0.1,1.0,10.0,32,0.705467205947
848,1.0,0.1,1.0,100.0,32,0.705210812527
849,1.0,0.1,10.0,1.0,32,0.7271445004
850,1.0,0.1,10.0,10.0,32,0.698950109761
851,1.0,0.1,10.0,100.0,32,0.702910559834
852,1.0,0.1,100.0,1.0,32,0.703229687923
853,1.0,0.1,100.0,10.0,32,0.703627666685
854,1.0,0.1,100.0,100.0,32,0.703740494601
855,1.0,1.0,1.0,1.0,32,0.701377855472
856,1.0,1.0,1.0,10.0,32,0.700263573549
857,1.0,1.0,1.0,100.0,32,0.699877459031
858,1.0,1.0,10.0,1.0,32,0.716399478735
859,1.0,1.0,10.0,10.0,32,0.687410758136
860,1.0,1.0,10.0,100.0,32,0.691442051755
861,1.0,1.0,100.0,1.0,32,0.692053305861
862,1.0,1.0,100.0,10.0,32,0.692098084878
863,1.0,1.0,100.0,100.0,32,0.692707541989
864,0.001,0.001,1.0,1.0,64,0.767068940752
865,0.001,0.001,1.0,10.0,64,0.719711702592
866,0.001,0.001,1.0,100.0,64,0.693880582052
867,0.001,0.001,10.0,1.0,64,0.7162946721
868,0.001,0.001,10.0,10.0,64,0.694820546066
869,0.001,0.001,10.0,100.0,64,0.700680558885
870,0.001,0.001,100.0,1.0,64,0.70143512102
871,0.001,0.001,100.0,10.0,64,0.701404862846
872,0.001,0.001,100.0,100.0,64,0.702360127658
873,0.001,0.01,1.0,1.0,64,0.702421353116
874,0.001,0.01,1.0,10.0,64,0.702343457615
875,0.001,0.01,1.0,100.0,64,0.702964976343
876,0.001,0.01,10.0,1.0,64,0.725836103964
877,0.001,0.01,10.0,10.0,64,0.6995285592
878,0.001,0.01,10.0,100.0,64,0.704803549268
879,0.001,0.01,100.0,1.0,64,0.704214396825
880,0.001,0.01,100.0,10.0,64,0.704767041346
881,0.001,0.01,100.0,100.0,64,0.705311214699
882,0.001,0.1,1.0,1.0,64,0.705054694929
883,0.001,0.1,1.0,10.0,64,0.704547532615
884,0.001,0.1,1.0,100.0,64,0.704299005162
885,0.001,0.1,10.0,1.0,64,0.726049596638
886,0.001,0.1,10.0,10.0,64,0.698328093467
887,0.001,0.1,10.0,100.0,64,0.702305748722
888,0.001,0.1,100.0,1.0,64,0.703247065024
889,0.001,0.1,100.0,10.0,64,0.703750908288
890,0.001,0.1,100.0,100.0,64,0.703671846369
891,0.001,1.0,1.0,1.0,64,0.701717838127
892,0.001,1.0,1.0,10.0,64,0.699378034931
893,0.001,1.0,1.0,100.0,64,0.698600681457
894,0.001,1.0,10.0,1.0,64,0.716031502999
895,0.001,1.0,10.0,10.0,64,0.687805161529
896,0.001,1.0,10.0,100.0,64,0.691755036045
897,0.001,1.0,100.0,1.0,64,0.692730844018
898,0.001,1.0,100.0,10.0,64,0.692582491076
899,0.001,1.0,100.0,100.0,64,0.692968557393
900,0.01,0.001,1.0,1.0,64,0.694041111703
901,0.01,0.001,1.0,10.0,64,0.729729367283
902,0.01,0.001,1.0,100.0,64,0.694914028882
903,0.01,0.001,10.0,1.0,64,0.737268263383
904,0.01,0.001,10.0,10.0,64,0.699039175806
905,0.01,0.001,10.0,100.0,64,0.703643837872
906,0.01,0.001,100.0,1.0,64,0.703025946103
907,0.01,0.001,100.0,10.0,64,0.704066388123
908,0.01,0.001,100.0,100.0,64,0.70352648702
909,0.01,0.01,1.0,1.0,64,0.703989478683
910,0.01,0.01,1.0,10.0,64,0.703672656432
911,0.01,0.01,1.0,100.0,64,0.703659411023
912,0.01,0.01,10.0,1.0,64,0.727779588992
913,0.01,0.01,10.0,10.0,64,0.700575365995
914,0.01,0.01,10.0,100.0,64,0.704763983416
915,0.01,0.01,100.0,1.0,64,0.70527095101
916,0.01,0.01,100.0,10.0,64,0.705854455524
917,0.01,0.01,100.0,100.0,64,0.705685630151
918,0.01,0.1,1.0,1.0,64,0.706275848185
919,0.01,0.1,1.0,10.0,64,0.704797176706
920,0.01,0.1,1.0,100.0,64,0.705457287354
921,0.01,0.1,10.0,1.0,64,0.726641776852
922,0.01,0.1,10.0,10.0,64,0.699167439687
923,0.01,0.1,10.0,100.0,64,0.702118515935
924,0.01,0.1,100.0,1.0,64,0.703117045327
925,0.01,0.1,100.0,10.0,64,0.703561535596
926,0.01,0.1,100.0,100.0,64,0.703945770162
927,0.01,1.0,1.0,1.0,64,0.70183505063
928,0.01,1.0,1.0,10.0,64,0.700223921947
929,0.01,1.0,1.0,100.0,64,0.698571064883
930,0.01,1.0,10.0,1.0,64,0.716454187514
931,0.01,1.0,10.0,10.0,64,0.687279258392
932,0.01,1.0,10.0,100.0,64,0.69162781346
933,0.01,1.0,100.0,1.0,64,0.691865616812
934,0.01,1.0,100.0,10.0,64,0.692054412875
935,0.01,1.0,100.0,100.0,64,0.693437983348
936,0.1,0.001,1.0,1.0,64,0.69384208224
937,0.1,0.001,1.0,10.0,64,0.73086776517
938,0.1,0.001,1.0,100.0,64,0.694569452184
939,0.1,0.001,10.0,1.0,64,0.738673207593
940,0.1,0.001,10.0,10.0,64,0.698589021555
941,0.1,0.001,10.0,100.0,64,0.702856710878
942,0.1,0.001,100.0,1.0,64,0.70327596203
943,0.1,0.001,100.0,10.0,64,0.70360626735
944,0.1,0.001,100.0,100.0,64,0.703373699233
945,0.1,0.01,1.0,1.0,64,0.704099133176
946,0.1,0.01,1.0,10.0,64,0.704241066889
947,0.1,0.01,1.0,100.0,64,0.704262079619
948,0.1,0.01,10.0,1.0,64,0.728169309546
949,0.1,0.01,10.0,10.0,64,0.701052185233
950,0.1,0.01,10.0,100.0,64,0.705332279841
951,0.1,0.01,100.0,1.0,64,0.705581326475
952,0.1,0.01,100.0,10.0,64,0.705004742855
953,0.1,0.01,100.0,100.0,64,0.705393422573
954,0.1,0.1,1.0,1.0,64,0.704854762358
955,0.1,0.1,1.0,10.0,64,0.705926928204
956,0.1,0.1,1.0,100.0,64,0.705096013191
957,0.1,0.1,10.0,1.0,64,0.726926194319
958,0.1,0.1,10.0,10.0,64,0.698831151033
959,0.1,0.1,10.0,100.0,64,0.702652507916
960,0.1,0.1,100.0,1.0,64,0.702966448488
961,0.1,0.1,100.0,10.0,64,0.703562494289
962,0.1,0.1,100.0,100.0,64,0.703681711781
963,0.1,1.0,1.0,1.0,64,0.701375318897
964,0.1,1.0,1.0,10.0,64,0.699966526548
965,0.1,1.0,1.0,100.0,64,0.699131438278
966,0.1,1.0,10.0,1.0,64,0.716345687056
967,0.1,1.0,10.0,10.0,64,0.687087527452
968,0.1,1.0,10.0,100.0,64,0.691541144022
969,0.1,1.0,100.0,1.0,64,0.692360093595
970,0.1,1.0,100.0,10.0,64,0.693119426493
971,0.1,1.0,100.0,100.0,64,0.693808058892
972,1.0,0.001,1.0,1.0,64,0.693778542477
973,1.0,0.001,1.0,10.0,64,0.729005563091
974,1.0,0.001,1.0,100.0,64,0.694355843135
975,1.0,0.001,10.0,1.0,64,0.735443783667
976,1.0,0.001,10.0,10.0,64,0.698804212396
977,1.0,0.001,10.0,100.0,64,0.702743513592
978,1.0,0.001,100.0,1.0,64,0.703376518901
979,1.0,0.001,100.0,10.0,64,0.703461470554
980,1.0,0.001,100.0,100.0,64,0.703807775863
981,1.0,0.01,1.0,1.0,64,0.704315552181
982,1.0,0.01,1.0,10.0,64,0.704298357102
983,1.0,0.01,1.0,100.0,64,0.704009814209
984,1.0,0.01,10.0,1.0,64,0.727848709388
985,1.0,0.01,10.0,10.0,64,0.700494776094
986,1.0,0.01,10.0,100.0,64,0.704425513958
987,1.0,0.01,100.0,1.0,64,0.705636795024
988,1.0,0.01,100.0,10.0,64,0.704662831149
989,1.0,0.01,100.0,100.0,64,0.705596372706
990,1.0,0.1,1.0,1.0,64,0.704977232841
991,1.0,0.1,1.0,10.0,64,0.704926330285
992,1.0,0.1,1.0,100.0,64,0.704773751106
993,1.0,0.1,10.0,1.0,64,0.726510171272
994,1.0,0.1,10.0,10.0,64,0.699324761993
995,1.0,0.1,10.0,100.0,64,0.702770518898
996,1.0,0.1,100.0,1.0,64,0.703017292267
997,1.0,0.1,100.0,10.0,64,0.702858858998
998,1.0,0.1,100.0,100.0,64,0.704670393615
999,1.0,1.0,1.0,1.0,64,0.701983476119
1000,1.0,1.0,1.0,10.0,64,0.699829763417
1001,1.0,1.0,1.0,100.0,64,0.69900774528
1002,1.0,1.0,10.0,1.0,64,0.71582418063
1003,1.0,1.0,10.0,10.0,64,0.687308679826
1004,1.0,1.0,10.0,100.0,64,0.692074272392
1005,1.0,1.0,100.0,1.0,64,0.692806081057
1006,1.0,1.0,100.0,10.0,64,0.693229123691
1007,1.0,1.0,100.0,100.0,64,0.692438921251
1008,0.001,0.001,1.0,1.0,128,0.734727108336
1009,0.001,0.001,1.0,10.0,128,0.705338384539
1010,0.001,0.001,1.0,100.0,128,0.693694855794
1011,0.001,0.001,10.0,1.0,128,0.70312527423
1012,0.001,0.001,10.0,10.0,128,0.692922557419
1013,0.001,0.001,10.0,100.0,128,0.700486567649
1014,0.001,0.001,100.0,1.0,128,0.701151453695
1015,0.001,0.001,100.0,10.0,128,0.701063600092
1016,0.001,0.001,100.0,100.0,128,0.702060866657
1017,0.001,0.01,1.0,1.0,128,0.701780025185
1018,0.001,0.01,1.0,10.0,128,0.702339906799
1019,0.001,0.01,1.0,100.0,128,0.702043832144
1020,0.001,0.01,10.0,1.0,128,0.725294651178
1021,0.001,0.01,10.0,10.0,128,0.69919439948
1022,0.001,0.01,10.0,100.0,128,0.704941680683
1023,0.001,0.01,100.0,1.0,128,0.704660946421
1024,0.001,0.01,100.0,10.0,128,0.704533017707
1025,0.001,0.01,100.0,100.0,128,0.705372168672
1026,0.001,0.1,1.0,1.0,128,0.70510916498
1027,0.001,0.1,1.0,10.0,128,0.704816666538
1028,0.001,0.1,1.0,100.0,128,0.703795513047
1029,0.001,0.1,10.0,1.0,128,0.726116894191
1030,0.001,0.1,10.0,10.0,128,0.698779882451
1031,0.001,0.1,10.0,100.0,128,0.702177317923
1032,0.001,0.1,100.0,1.0,128,0.703692812738
1033,0.001,0.1,100.0,10.0,128,0.70357435567
1034,0.001,0.1,100.0,100.0,128,0.703290506653
1035,0.001,1.0,1.0,1.0,128,0.701270662375
1036,0.001,1.0,1.0,10.0,128,0.699554311636
1037,0.001,1.0,1.0,100.0,128,0.698760160084
1038,0.001,1.0,10.0,1.0,128,0.716540696305
1039,0.001,1.0,10.0,10.0,128,0.68731035852
1040,0.001,1.0,10.0,100.0,128,0.692146039151
1041,0.001,1.0,100.0,1.0,128,0.691990495817
1042,0.001,1.0,100.0,10.0,128,0.69251820431
1043,0.001,1.0,100.0,100.0,128,0.693108310854
1044,0.01,0.001,1.0,1.0,128,0.693231028051
1045,0.01,0.001,1.0,10.0,128,0.729216930983
1046,0.01,0.001,1.0,100.0,128,0.694359461634
1047,0.01,0.001,10.0,1.0,128,0.737432321647
1048,0.01,0.001,10.0,10.0,128,0.698916972539
1049,0.01,0.001,10.0,100.0,128,0.702476091289
1050,0.01,0.001,100.0,1.0,128,0.703124600151
1051,0.01,0.001,100.0,10.0,128,0.703609304126
1052,0.01,0.001,100.0,100.0,128,0.703949662312
1053,0.01,0.01,1.0,1.0,128,0.703780532236
1054,0.01,0.01,1.0,10.0,128,0.703774349934
1055,0.01,0.01,1.0,100.0,128,0.7042013547
1056,0.01,0.01,10.0,1.0,128,0.727765002368
1057,0.01,0.01,10.0,10.0,128,0.700452727089
1058,0.01,0.01,10.0,100.0,128,0.704676632393
1059,0.01,0.01,100.0,1.0,128,0.705082464846
1060,0.01,0.01,100.0,10.0,128,0.705717715493
1061,0.01,0.01,100.0,100.0,128,0.706397440671
1062,0.01,0.1,1.0,1.0,128,0.706159268581
1063,0.01,0.1,1.0,10.0,128,0.705246852757
1064,0.01,0.1,1.0,100.0,128,0.705309832851
1065,0.01,0.1,10.0,1.0,128,0.726564882953
1066,0.01,0.1,10.0,10.0,128,0.699067650084
1067,0.01,0.1,10.0,100.0,128,0.702049458416
1068,0.01,0.1,100.0,1.0,128,0.703341247361
1069,0.01,0.1,100.0,10.0,128,0.703629592352
1070,0.01,0.1,100.0,100.0,128,0.703962893113
1071,0.01,1.0,1.0,1.0,128,0.701058040548
1072,0.01,1.0,1.0,10.0,128,0.69990077189
1073,0.01,1.0,1.0,100.0,128,0.698740113521
1074,0.01,1.0,10.0,1.0,128,0.716210792211
1075,0.01,1.0,10.0,10.0,128,0.687033934199
1076,0.01,1.0,10.0,100.0,128,0.692447572816
1077,0.01,1.0,100.0,1.0,128,0.692933850497
1078,0.01,1.0,100.0,10.0,128,0.693607767459
1079,0.01,1.0,100.0,100.0,128,0.693276695288
1080,0.1,0.001,1.0,1.0,128,0.694299458801
1081,0.1,0.001,1.0,10.0,128,0.729450574955
1082,0.1,0.001,1.0,100.0,128,0.694742430009
1083,0.1,0.001,10.0,1.0,128,0.735684997292
1084,0.1,0.001,10.0,10.0,128,0.698781618879
1085,0.1,0.001,10.0,100.0,128,0.703012639564
1086,0.1,0.001,100.0,1.0,128,0.703394201222
1087,0.1,0.001,100.0,10.0,128,0.70421497591
1088,0.1,0.001,100.0,100.0,128,0.703690469297
1089,0.1,0.01,1.0,1.0,128,0.702616285649
1090,0.1,0.01,1.0,10.0,128,0.703543722829
1091,0.1,0.01,1.0,100.0,128,0.704118661043
1092,0.1,0.01,10.0,1.0,128,0.728096216166
1093,0.1,0.01,10.0,10.0,128,0.700707294926
1094,0.1,0.01,10.0,100.0,128,0.704674126906
1095,0.1,0.01,100.0,1.0,128,0.705545492395
1096,0.1,0.01,100.0,10.0,128,0.705572409539
1097,0.1,0.01,100.0,100.0,128,0.704962754829
1098,0.1,0.1,1.0,1.0,128,0.704797372111
1099,0.1,0.1,1.0,10.0,128,0.704806496527
1100,0.1,0.1,1.0,100.0,128,0.705502755201
1101,0.1,0.1,10.0,1.0,128,0.726899224107
1102,0.1,0.1,10.0,10.0,128,0.699533237198
1103,0.1,0.1,10.0,100.0,128,0.703469559238
1104,0.1,0.1,100.0,1.0,128,0.703175876605
1105,0.1,0.1,100.0,10.0,128,0.703286009999
1106,0.1,0.1,100.0,100.0,128,0.703396234525
1107,0.1,1.0,1.0,1.0,128,0.701502672305
1108,0.1,1.0,1.0,10.0,128,0.70037645294
1109,0.1,1.0,1.0,100.0,128,0.698932778916
1110,0.1,1.0,10.0,1.0,128,0.716463227209
1111,0.1,1.0,10.0,10.0,128,0.687704617145
1112,0.1,1.0,10.0,100.0,128,0.691579204584
1113,0.1,1.0,100.0,1.0,128,0.691978072425
1114,0.1,1.0,100.0,10.0,128,0.692702481643
1115,0.1,1.0,100.0,100.0,128,0.692028870245
1116,1.0,0.001,1.0,1.0,128,0.693211066056
1117,1.0,0.001,1.0,10.0,128,0.72920622643
1118,1.0,0.001,1.0,100.0,128,0.695645730349
1119,1.0,0.001,10.0,1.0,128,0.737215039857
1120,1.0,0.001,10.0,10.0,128,0.699745142772
1121,1.0,0.001,10.0,100.0,128,0.704681928145
1122,1.0,0.001,100.0,1.0,128,0.704376827317
1123,1.0,0.001,100.0,10.0,128,0.704211767031
1124,1.0,0.001,100.0,100.0,128,0.704309290228
1125,1.0,0.01,1.0,1.0,128,0.704768756841
1126,1.0,0.01,1.0,10.0,128,0.70448144427
1127,1.0,0.01,1.0,100.0,128,0.705110640163
1128,1.0,0.01,10.0,1.0,128,0.72833835031
1129,1.0,0.01,10.0,10.0,128,0.701475595716
1130,1.0,0.01,10.0,100.0,128,0.705210836247
1131,1.0,0.01,100.0,1.0,128,0.705508113053
1132,1.0,0.01,100.0,10.0,128,0.705221527698
1133,1.0,0.01,100.0,100.0,128,0.706326027424
1134,1.0,0.1,1.0,1.0,128,0.7052615647
1135,1.0,0.1,1.0,10.0,128,0.705444165841
1136,1.0,0.1,1.0,100.0,128,0.704751198078
1137,1.0,0.1,10.0,1.0,128,0.726880690356
1138,1.0,0.1,10.0,10.0,128,0.699045278494
1139,1.0,0.1,10.0,100.0,128,0.703581267509
1140,1.0,0.1,100.0,1.0,128,0.703302130778
1141,1.0,0.1,100.0,10.0,128,0.702679580364
1142,1.0,0.1,100.0,100.0,128,0.703914344646
1143,1.0,1.0,1.0,1.0,128,0.701951828459
1144,1.0,1.0,1.0,10.0,128,0.699588627458
1145,1.0,1.0,1.0,100.0,128,0.698926597977
1146,1.0,1.0,10.0,1.0,128,0.716084717468
1147,1.0,1.0,10.0,10.0,128,0.687742336165
1148,1.0,1.0,10.0,100.0,128,0.691643772735
1149,1.0,1.0,100.0,1.0,128,0.69222765528
1150,1.0,1.0,100.0,10.0,128,0.691700971183
1151,1.0,1.0,100.0,100.0,128,0.693037167391
1152,0.001,0.001,1.0,1.0,256,0.720060406786
1153,0.001,0.001,1.0,10.0,256,0.696983036834
1154,0.001,0.001,1.0,100.0,256,0.692462739068
1155,0.001,0.001,10.0,1.0,256,0.697449272153
1156,0.001,0.001,10.0,10.0,256,0.693323697779
1157,0.001,0.001,10.0,100.0,256,0.701200514997
1158,0.001,0.001,100.0,1.0,256,0.70142944384
1159,0.001,0.001,100.0,10.0,256,0.701735085966
1160,0.001,0.001,100.0,100.0,256,0.702261526532
1161,0.001,0.01,1.0,1.0,256,0.702655302622
1162,0.001,0.01,1.0,10.0,256,0.702739650897
1163,0.001,0.01,1.0,100.0,256,0.702730130659
1164,0.001,0.01,10.0,1.0,256,0.726075912497
1165,0.001,0.01,10.0,10.0,256,0.699631434554
1166,0.001,0.01,10.0,100.0,256,0.703829871609
1167,0.001,0.01,100.0,1.0,256,0.704613145436
1168,0.001,0.01,100.0,10.0,256,0.704680029696
1169,0.001,0.01,100.0,100.0,256,0.705299239208
1170,0.001,0.1,1.0,1.0,256,0.704785649029
1171,0.001,0.1,1.0,10.0,256,0.704887643524
1172,0.001,0.1,1.0,100.0,256,0.703918100355
1173,0.001,0.1,10.0,1.0,256,0.726476898352
1174,0.001,0.1,10.0,10.0,256,0.698767860359
1175,0.001,0.1,10.0,100.0,256,0.702323959281
1176,0.001,0.1,100.0,1.0,256,0.703001464532
1177,0.001,0.1,100.0,10.0,256,0.703451237395
1178,0.001,0.1,100.0,100.0,256,0.702978434519
1179,0.001,1.0,1.0,1.0,256,0.701273898939
1180,0.001,1.0,1.0,10.0,256,0.699779220481
1181,0.001,1.0,1.0,100.0,256,0.698123888425
1182,0.001,1.0,10.0,1.0,256,0.71616092655
1183,0.001,1.0,10.0,10.0,256,0.687301730974
1184,0.001,1.0,10.0,100.0,256,0.691907159166
1185,0.001,1.0,100.0,1.0,256,0.692255459771
1186,0.001,1.0,100.0,10.0,256,0.692524673068
1187,0.001,1.0,100.0,100.0,256,0.6928917302
1188,0.01,0.001,1.0,1.0,256,0.693868303915
1189,0.01,0.001,1.0,10.0,256,0.7296128578
1190,0.01,0.001,1.0,100.0,256,0.694224399655
1191,0.01,0.001,10.0,1.0,256,0.738543863428
1192,0.01,0.001,10.0,10.0,256,0.698659443306
1193,0.01,0.001,10.0,100.0,256,0.702700455733
1194,0.01,0.001,100.0,1.0,256,0.703557130596
1195,0.01,0.001,100.0,10.0,256,0.703532062387
1196,0.01,0.001,100.0,100.0,256,0.703780971064
1197,0.01,0.01,1.0,1.0,256,0.703584424465
1198,0.01,0.01,1.0,10.0,256,0.703578477808
1199,0.01,0.01,1.0,100.0,256,0.704761641269
1200,0.01,0.01,10.0,1.0,256,0.727883575696
1201,0.01,0.01,10.0,10.0,256,0.701080235822
1202,0.01,0.01,10.0,100.0,256,0.705079037163
1203,0.01,0.01,100.0,1.0,256,0.704770028709
1204,0.01,0.01,100.0,10.0,256,0.705116844287
1205,0.01,0.01,100.0,100.0,256,0.705574991776
1206,0.01,0.1,1.0,1.0,256,0.705447700894
1207,0.01,0.1,1.0,10.0,256,0.705369111242
1208,0.01,0.1,1.0,100.0,256,0.70443612798
1209,0.01,0.1,10.0,1.0,256,0.726556812865
1210,0.01,0.1,10.0,10.0,256,0.698962557361
1211,0.01,0.1,10.0,100.0,256,0.70316454855
1212,0.01,0.1,100.0,1.0,256,0.703497050226
1213,0.01,0.1,100.0,10.0,256,0.703510931512
1214,0.01,0.1,100.0,100.0,256,0.702762744368
1215,0.01,1.0,1.0,1.0,256,0.701096587103
1216,0.01,1.0,1.0,10.0,256,0.700106266144
1217,0.01,1.0,1.0,100.0,256,0.698893113332
1218,0.01,1.0,10.0,1.0,256,0.715853020364
1219,0.01,1.0,10.0,10.0,256,0.687667656714
1220,0.01,1.0,10.0,100.0,256,0.692406415042
1221,0.01,1.0,100.0,1.0,256,0.692254274372
1222,0.01,1.0,100.0,10.0,256,0.693414027289
1223,0.01,1.0,100.0,100.0,256,0.691978739594
1224,0.1,0.001,1.0,1.0,256,0.693920584967
1225,0.1,0.001,1.0,10.0,256,0.729296241821
1226,0.1,0.001,1.0,100.0,256,0.695160222989
1227,0.1,0.001,10.0,1.0,256,0.737771339254
1228,0.1,0.001,10.0,10.0,256,0.699479618932
1229,0.1,0.001,10.0,100.0,256,0.703172214453
1230,0.1,0.001,100.0,1.0,256,0.704142462297
1231,0.1,0.001,100.0,10.0,256,0.703993755419
1232,0.1,0.001,100.0,100.0,256,0.704252530026
1233,0.1,0.01,1.0,1.0,256,0.704433245252
1234,0.1,0.01,1.0,10.0,256,0.704651479639
1235,0.1,0.01,1.0,100.0,256,0.704180260373
1236,0.1,0.01,10.0,1.0,256,0.728528640275
1237,0.1,0.01,10.0,10.0,256,0.701196244907
1238,0.1,0.01,10.0,100.0,256,0.704997438771
1239,0.1,0.01,100.0,1.0,256,0.705668836717
1240,0.1,0.01,100.0,10.0,256,0.705402941149
1241,0.1,0.01,100.0,100.0,256,0.705764247729
1242,0.1,0.1,1.0,1.0,256,0.705666741052
1243,0.1,0.1,1.0,10.0,256,0.705432054781
1244,0.1,0.1,1.0,100.0,256,0.705108183915
1245,0.1,0.1,10.0,1.0,256,0.726540856207
1246,0.1,0.1,10.0,10.0,256,0.699253512139
1247,0.1,0.1,10.0,100.0,256,0.702543792122
1248,0.1,0.1,100.0,1.0,256,0.702704720916
1249,0.1,0.1,100.0,10.0,256,0.702814483176
1250,0.1,0.1,100.0,100.0,256,0.703688652761
1251,0.1,1.0,1.0,1.0,256,0.701793122858
1252,0.1,1.0,1.0,10.0,256,0.699968105246
1253,0.1,1.0,1.0,100.0,256,0.699180320903
1254,0.1,1.0,10.0,1.0,256,0.715973764076
1255,0.1,1.0,10.0,10.0,256,0.687326719244
1256,0.1,1.0,10.0,100.0,256,0.691637624886
1257,0.1,1.0,100.0,1.0,256,0.692398215246
1258,0.1,1.0,100.0,10.0,256,0.692829499329
1259,0.1,1.0,100.0,100.0,256,0.692774644997
1260,1.0,0.001,1.0,1.0,256,0.693695301876
1261,1.0,0.001,1.0,10.0,256,0.72937439226
1262,1.0,0.001,1.0,100.0,256,0.694450604813
1263,1.0,0.001,10.0,1.0,256,0.735565310175
1264,1.0,0.001,10.0,10.0,256,0.698655257182
1265,1.0,0.001,10.0,100.0,256,0.702595563336
1266,1.0,0.001,100.0,1.0,256,0.703360982182
1267,1.0,0.001,100.0,10.0,256,0.703953820404
1268,1.0,0.001,100.0,100.0,256,0.704010451362
1269,1.0,0.01,1.0,1.0,256,0.704131928569
1270,1.0,0.01,1.0,10.0,256,0.704063304534
1271,1.0,0.01,1.0,100.0,256,0.703591378758
1272,1.0,0.01,10.0,1.0,256,0.727003762492
1273,1.0,0.01,10.0,10.0,256,0.701182958177
1274,1.0,0.01,10.0,100.0,256,0.704446556023
1275,1.0,0.01,100.0,1.0,256,0.705000545707
1276,1.0,0.01,100.0,10.0,256,0.70534329156
1277,1.0,0.01,100.0,100.0,256,0.70623961627
1278,1.0,0.1,1.0,1.0,256,0.70485279272
1279,1.0,0.1,1.0,10.0,256,0.705373691094
1280,1.0,0.1,1.0,100.0,256,0.70549218209
1281,1.0,0.1,10.0,1.0,256,0.727012491508
1282,1.0,0.1,10.0,10.0,256,0.699033349928
1283,1.0,0.1,10.0,100.0,256,0.703032992259
1284,1.0,0.1,100.0,1.0,256,0.703239073039
1285,1.0,0.1,100.0,10.0,256,0.703540405564
1286,1.0,0.1,100.0,100.0,256,0.70314539011
1287,1.0,1.0,1.0,1.0,256,0.7018214613
1288,1.0,1.0,1.0,10.0,256,0.699948829804
1289,1.0,1.0,1.0,100.0,256,0.699086512358
1290,1.0,1.0,10.0,1.0,256,0.716098258426
1291,1.0,1.0,10.0,10.0,256,0.687715328095
1292,1.0,1.0,10.0,100.0,256,0.69159842304
1293,1.0,1.0,100.0,1.0,256,0.690971883049
1294,1.0,1.0,100.0,10.0,256,0.692200418668
1295,1.0,1.0,100.0,100.0,256,0.693579981285
1296,0.001,0.001,1.0,1.0,512,0.719403842582
1297,0.001,0.001,1.0,10.0,512,0.694878296764
1298,0.001,0.001,1.0,100.0,512,0.6926939496
1299,0.001,0.001,10.0,1.0,512,0.695787505193
1300,0.001,0.001,10.0,10.0,512,0.692530516049
1301,0.001,0.001,10.0,100.0,512,0.701156618379
1302,0.001,0.001,100.0,1.0,512,0.701452504554
1303,0.001,0.001,100.0,10.0,512,0.701388094832
1304,0.001,0.001,100.0,100.0,512,0.702535984563
1305,0.001,0.01,1.0,1.0,512,0.70272595147
1306,0.001,0.01,1.0,10.0,512,0.702094567276
1307,0.001,0.01,1.0,100.0,512,0.702285024048
1308,0.001,0.01,10.0,1.0,512,0.725737095617
1309,0.001,0.01,10.0,10.0,512,0.699460139053
1310,0.001,0.01,10.0,100.0,512,0.70455986137
1311,0.001,0.01,100.0,1.0,512,0.704984974348
1312,0.001,0.01,100.0,10.0,512,0.704506647184
1313,0.001,0.01,100.0,100.0,512,0.705390009991
1314,0.001,0.1,1.0,1.0,512,0.704129105201
1315,0.001,0.1,1.0,10.0,512,0.704544150525
1316,0.001,0.1,1.0,100.0,512,0.705302977052
1317,0.001,0.1,10.0,1.0,512,0.72630488445
1318,0.001,0.1,10.0,10.0,512,0.698906913126
1319,0.001,0.1,10.0,100.0,512,0.702252139181
1320,0.001,0.1,100.0,1.0,512,0.70313230915
1321,0.001,0.1,100.0,10.0,512,0.702971864958
1322,0.001,0.1,100.0,100.0,512,0.703232156695
1323,0.001,1.0,1.0,1.0,512,0.702028638399
1324,0.001,1.0,1.0,10.0,512,0.699945955189
1325,0.001,1.0,1.0,100.0,512,0.699101875937
1326,0.001,1.0,10.0,1.0,512,0.716227456599
1327,0.001,1.0,10.0,10.0,512,0.68744217825
1328,0.001,1.0,10.0,100.0,512,0.69193988652
1329,0.001,1.0,100.0,1.0,512,0.692187516924
1330,0.001,1.0,100.0,10.0,512,0.69267001638
1331,0.001,1.0,100.0,100.0,512,0.693594216634
1332,0.01,0.001,1.0,1.0,512,0.694339657445
1333,0.01,0.001,1.0,10.0,512,0.695096779595
1334,0.01,0.001,1.0,100.0,512,0.69523557736
1335,0.01,0.001,10.0,1.0,512,0.724875481062
1336,0.01,0.001,10.0,10.0,512,0.697452009048
1337,0.01,0.001,10.0,100.0,512,0.701243883956
1338,0.01,0.001,100.0,1.0,512,0.702215401894
1339,0.01,0.001,100.0,10.0,512,0.701983255615
1340,0.01,0.001,100.0,100.0,512,0.702654673577
1341,0.01,0.01,1.0,1.0,512,0.702871086796
1342,0.01,0.01,1.0,10.0,512,0.703532076503
1343,0.01,0.01,1.0,100.0,512,0.70347452904
1344,0.01,0.01,10.0,1.0,512,0.729126973009
1345,0.01,0.01,10.0,10.0,512,0.700722162074
1346,0.01,0.01,10.0,100.0,512,0.703858434704
1347,0.01,0.01,100.0,1.0,512,0.705042110376
1348,0.01,0.01,100.0,10.0,512,0.705131196573
1349,0.01,0.01,100.0,100.0,512,0.705208782537
1350,0.01,0.1,1.0,1.0,512,0.705203278402
1351,0.01,0.1,1.0,10.0,512,0.705329022445
1352,0.01,0.1,1.0,100.0,512,0.704732647818
1353,0.01,0.1,10.0,1.0,512,0.727734629623
1354,0.01,0.1,10.0,10.0,512,0.69932378709
1355,0.01,0.1,10.0,100.0,512,0.702404620205
1356,0.01,0.1,100.0,1.0,512,0.703355940252
1357,0.01,0.1,100.0,10.0,512,0.703361415176
1358,0.01,0.1,100.0,100.0,512,0.703365540993
1359,0.01,1.0,1.0,1.0,512,0.701215136323
1360,0.01,1.0,1.0,10.0,512,0.699807976614
1361,0.01,1.0,1.0,100.0,512,0.699366620301
1362,0.01,1.0,10.0,1.0,512,0.71699130554
1363,0.01,1.0,10.0,10.0,512,0.688303888772
1364,0.01,1.0,10.0,100.0,512,0.692016554874
1365,0.01,1.0,100.0,1.0,512,0.692902563977
1366,0.01,1.0,100.0,10.0,512,0.69246593254
1367,0.01,1.0,100.0,100.0,512,0.692578149536
1368,0.1,0.001,1.0,1.0,512,0.693603152906
1369,0.1,0.001,1.0,10.0,512,0.729694875606
1370,0.1,0.001,1.0,100.0,512,0.694201297623
1371,0.1,0.001,10.0,1.0,512,0.737224269248
1372,0.1,0.001,10.0,10.0,512,0.698828924825
1373,0.1,0.001,10.0,100.0,512,0.702844926294
1374,0.1,0.001,100.0,1.0,512,0.703955485045
1375,0.1,0.001,100.0,10.0,512,0.703420417414
1376,0.1,0.001,100.0,100.0,512,0.70364453799
1377,0.1,0.01,1.0,1.0,512,0.703816962814
1378,0.1,0.01,1.0,10.0,512,0.703980618949
1379,0.1,0.01,1.0,100.0,512,0.704555245103
1380,0.1,0.01,10.0,1.0,512,0.728037655707
1381,0.1,0.01,10.0,10.0,512,0.700742193302
1382,0.1,0.01,10.0,100.0,512,0.704391639117
1383,0.1,0.01,100.0,1.0,512,0.705390215203
1384,0.1,0.01,100.0,10.0,512,0.705338207739
1385,0.1,0.01,100.0,100.0,512,0.70561911957
1386,0.1,0.1,1.0,1.0,512,0.704707953533
1387,0.1,0.1,1.0,10.0,512,0.704937187331
1388,0.1,0.1,1.0,100.0,512,0.705092498762
1389,0.1,0.1,10.0,1.0,512,0.727245545262
1390,0.1,0.1,10.0,10.0,512,0.698614459405
1391,0.1,0.1,10.0,100.0,512,0.703046871471
1392,0.1,0.1,100.0,1.0,512,0.702798768045
1393,0.1,0.1,100.0,10.0,512,0.703929464224
1394,0.1,0.1,100.0,100.0,512,0.703149165082
1395,0.1,1.0,1.0,1.0,512,0.702135330937
1396,0.1,1.0,1.0,10.0,512,0.699501710438
1397,0.1,1.0,1.0,100.0,512,0.698959603612
1398,0.1,1.0,10.0,1.0,512,0.716187257063
1399,0.1,1.0,10.0,10.0,512,0.687462506931
1400,0.1,1.0,10.0,100.0,512,0.691650966143
1401,0.1,1.0,100.0,1.0,512,0.692168084662
1402,0.1,1.0,100.0,10.0,512,0.693927287263
1403,0.1,1.0,100.0,100.0,512,0.692931894136
1404,1.0,0.001,1.0,1.0,512,0.693867802312
1405,1.0,0.001,1.0,10.0,512,0.729754076566
1406,1.0,0.001,1.0,100.0,512,0.694436621341
1407,1.0,0.001,10.0,1.0,512,0.734862718556
1408,1.0,0.001,10.0,10.0,512,0.698359849007
1409,1.0,0.001,10.0,100.0,512,0.70302425746
1410,1.0,0.001,100.0,1.0,512,0.703743701124
1411,1.0,0.001,100.0,10.0,512,0.704244973729
1412,1.0,0.001,100.0,100.0,512,0.704041176163
1413,1.0,0.01,1.0,1.0,512,0.704863696743
1414,1.0,0.01,1.0,10.0,512,0.704022356408
1415,1.0,0.01,1.0,100.0,512,0.704647196398
1416,1.0,0.01,10.0,1.0,512,0.728408893829
1417,1.0,0.01,10.0,10.0,512,0.700943926492
1418,1.0,0.01,10.0,100.0,512,0.705164273373
1419,1.0,0.01,100.0,1.0,512,0.70541051925
1420,1.0,0.01,100.0,10.0,512,0.705881040422
1421,1.0,0.01,100.0,100.0,512,0.706020776908
1422,1.0,0.1,1.0,1.0,512,0.705555538907
1423,1.0,0.1,1.0,10.0,512,0.704982595175
1424,1.0,0.1,1.0,100.0,512,0.70579978969
1425,1.0,0.1,10.0,1.0,512,0.726832147816
1426,1.0,0.1,10.0,10.0,512,0.698971603871
1427,1.0,0.1,10.0,100.0,512,0.703541997374
1428,1.0,0.1,100.0,1.0,512,0.702489336663
1429,1.0,0.1,100.0,10.0,512,0.703477041495
1430,1.0,0.1,100.0,100.0,512,0.703562738029
1431,1.0,1.0,1.0,1.0,512,0.701045255302
1432,1.0,1.0,1.0,10.0,512,0.701124824092
1433,1.0,1.0,1.0,100.0,512,0.698960577303
1434,1.0,1.0,10.0,1.0,512,0.716022542686
1435,1.0,1.0,10.0,10.0,512,0.687673844495
1436,1.0,1.0,10.0,100.0,512,0.692110016495
1437,1.0,1.0,100.0,1.0,512,0.693144604575
1438,1.0,1.0,100.0,10.0,512,0.693124583012
1439,1.0,1.0,100.0,100.0,512,0.693273753054
